{
  "config": {
    "step": {
      "user": {
        "title": "Ajax Systems",
        "description": "Choose your authentication method.",
        "data": {
          "auth_mode": "Authentication Mode"
        }
      },
      "user_auth": {
        "title": "User Authentication",
        "description": "Enter your Ajax API credentials.\n\nYou need an API key from Ajax Systems. See the [documentation]({docs_url}) for how to request API access.",
        "data": {
          "api_key": "API Key",
          "username": "Email",
          "password": "Password"
        }
      },
      "company_auth": {
        "title": "Company/PRO Authentication",
        "description": "Enter your Ajax API credentials from the PRO Dashboard.",
        "data": {
          "api_key": "API Key",
          "company_id": "Company ID",
          "company_token": "Company Token"
        }
      },
      "select_hub": {
        "title": "Select Hub",
        "description": "Select the Ajax hub you want to add to Home Assistant.",
        "data": {
          "hub_id": "Hub"
        }
      },
      "reauth_confirm": {
        "title": "Re-authenticate",
        "description": "Please re-enter your credentials.",
        "data": {
          "api_key": "API Key",
          "company_id": "Company ID",
          "company_token": "Company Token",
          "username": "Email",
          "password": "Password"
        }
      }
    },
    "error": {
      "auth_error": "Authentication failed. Please check your credentials.",
      "cannot_connect": "Cannot connect to Ajax Systems. Please check your internet connection.",
      "no_spaces": "No spaces found for this account.",
      "no_hubs": "No hubs found for this account.",
      "invalid_hub": "Invalid hub selected.",
      "unknown": "An unknown error occurred."
    },
    "abort": {
      "already_configured": "This Ajax hub is already configured.",
      "reauth_successful": "Re-authentication successful.",
      "no_hubs": "No hubs found for this account.",
      "unknown": "An unknown error occurred."
    }
  },
  "options": {
    "step": {
      "init": {
        "title": "Ajax Systems Options",
        "description": "Configure your Ajax Systems integration settings.",
        "data": {
          "scan_interval": "Update interval (seconds)"
        },
        "data_description": {
          "scan_interval": "How often to poll the Ajax API (in seconds). Minimum: 10s, Maximum: 300s (5 minutes)."
        }
      }
    }
  },
  "entity": {
    "alarm_control_panel": {
      "ajax_alarm": {
        "state": {
          "disarmed": "Disarmed",
          "armed_away": "Armed",
          "armed_home": "Armed Home",
          "armed_night": "Armed Night"
        }
      }
    },
    "binary_sensor": {
      "motion": {
        "name": "Motion"
      },
      "door": {
        "name": "Door"
      },
      "smoke": {
        "name": "Smoke"
      },
      "water": {
        "name": "Water Leak"
      },
      "glass_break": {
        "name": "Glass Break"
      },
      "tamper": {
        "name": "Tamper"
      },
      "connectivity": {
        "name": "Connectivity"
      }
    },
    "sensor": {
      "battery": {
        "name": "Battery"
      },
      "signal": {
        "name": "Signal Strength"
      },
      "temperature": {
        "name": "Temperature"
      },
      "gsm_signal": {
        "name": "GSM Signal"
      },
      "wifi_signal": {
        "name": "WiFi Signal"
      }
    },
    "switch": {
      "switch": {
        "name": "Switch"
      }
    }
  }
}
